{
  "variants": {
    "": [
      {
        "model": "minecraft:block/lily_pad"
      },
      {
        "model": "minecraft:block/lily_pad",
        "y": 90
      },
      {
        "model": "minecraft:block/lily_pad",
        "y": 180
      },
      {
        "model": "minecraft:block/lily_pad",
        "y": 270
      },
      {
        "model": "minecraft:block/lily_pad_01"
      },
      {
        "model": "minecraft:block/lily_pad_01",
        "y": 90
      },
      {
        "model": "minecraft:block/lily_pad_01",
        "y": 180
      },
      {
        "model": "minecraft:block/lily_pad_01",
        "y": 270
      },
      {
        "model": "minecraft:block/lily_pad_02"
      },
      {
        "model": "minecraft:block/lily_pad_02",
        "y": 90
      },
      {
        "model": "minecraft:block/lily_pad_02",
        "y": 180
      },
      {
        "model": "minecraft:block/lily_pad_02",
        "y": 270
      },
      {
        "model": "minecraft:block/lily_pad_03"
      },
      {
        "model": "minecraft:block/lily_pad_03",
        "y": 90
      },
      {
        "model": "minecraft:block/lily_pad_03",
        "y": 180
      },
      {
        "model": "minecraft:block/lily_pad_03",
        "y": 270
      }
    ]
  }
}