{
	"credit": "Made with Blockbench",
	"parent": "minecraft:block/slab",
	"textures": {
		"bottom": "block/cut_sandstone_bottom",
		"side": "block/cut_sandstone",
		"top": "block/cut_sandstone_top"
	},
	"elements": [
		{
			"from": [0, 0, 0],
			"to": [16, 8, 16],
			"faces": {
				"north": {"uv": [0, 8, 16, 16], "texture": "#side"},
				"east": {"uv": [0, 8, 16, 16], "texture": "#side"},
				"south": {"uv": [0, 8, 16, 16], "texture": "#side"},
				"west": {"uv": [0, 8, 16, 16], "texture": "#side"},
				"up": {"uv": [0, 0, 16, 16], "texture": "#top"},
				"down": {"uv": [0, 0, 16, 16], "texture": "#bottom"}
			}
		}
	]
}