{
	"credit": "Made with Blockbench, a free, modern block model editor by JannisX11",
	"ambientocclusion": false,
	"textures": {
		"0": "block/detector_rail",
		"particle": "block/detector_rail"
	},
	"elements": [
		{
			"name": "T1",
			"from": [2, 7.4, -3.3],
			"to": [4, 9.4, 20.7],
			"rotation": {"angle": -45, "axis": "x", "origin": [8, 8, 8]},
			"faces": {
				"north": {"uv": [12, 1, 14, 3], "texture": "#0"},
				"east": {"uv": [3, 0, 4, 16], "rotation": 90, "texture": "#0"},
				"south": {"uv": [2, 1, 4, 3], "texture": "#0"},
				"west": {"uv": [2, 0, 3, 16], "rotation": 270, "texture": "#0"},
				"up": {"uv": [2, 0, 4, 16], "texture": "#0"},
				"down": {"uv": [2, 0, 4, 24], "texture": "#0"}
			}
		},
		{
			"name": "T2",
			"from": [12, 7.4, -3.3],
			"to": [14, 9.4, 20.7],
			"rotation": {"angle": -45, "axis": "x", "origin": [8, 8, 8]},
			"faces": {
				"north": {"uv": [2, 1, 4, 3], "texture": "#0"},
				"east": {"uv": [13, 0, 14, 16], "rotation": 90, "texture": "#0"},
				"south": {"uv": [12, 1, 14, 3], "texture": "#0"},
				"west": {"uv": [12, 0, 13, 16], "rotation": 270, "texture": "#0"},
				"up": {"uv": [12, 0, 14, 16], "texture": "#0"},
				"down": {"uv": [12, 2, 14, 15], "texture": "#0"}
			}
		},
		{
			"name": "Cube",
			"from": [1, 7.4, 15],
			"to": [15, 8.4, 17],
			"rotation": {"angle": -45, "axis": "x", "origin": [8, 8, 8]},
			"faces": {
				"north": {"uv": [5, 2, 11, 3], "texture": "#0"},
				"east": {"uv": [7, 1, 8, 3], "rotation": 90, "texture": "#0"},
				"south": {"uv": [6, 2, 11, 3], "texture": "#0"},
				"west": {"uv": [7, 1, 8, 3], "rotation": 270, "texture": "#0"},
				"up": {"uv": [1, 1, 15, 3], "texture": "#0"},
				"down": {"uv": [1, 3, 15, 1], "texture": "#0"}
			}
		},
		{
			"name": "Cube",
			"from": [5, 8.4, 6],
			"to": [11, 9.4, 12],
			"rotation": {"angle": -45, "axis": "x", "origin": [8, 8, 8]},
			"faces": {
				"north": {"uv": [5, 5, 11, 6], "rotation": 180, "texture": "#0"},
				"east": {"uv": [5, 5, 11, 6], "texture": "#0"},
				"south": {"uv": [5, 10, 11, 11], "texture": "#0"},
				"west": {"uv": [5, 10, 11, 11], "rotation": 180, "texture": "#0"},
				"up": {"uv": [5, 5, 11, 11], "texture": "#0"},
				"down": {"uv": [6, 10, 8, 11], "texture": "#0"}
			}
		},
		{
			"name": "Cube",
			"from": [1, 7.4, 10],
			"to": [15, 8.4, 12],
			"rotation": {"angle": -45, "axis": "x", "origin": [8, 8, 8]},
			"faces": {
				"north": {"uv": [5, 2, 11, 3], "texture": "#0"},
				"east": {"uv": [7, 1, 8, 3], "rotation": 90, "texture": "#0"},
				"south": {"uv": [6, 2, 11, 3], "texture": "#0"},
				"west": {"uv": [7, 1, 8, 3], "rotation": 270, "texture": "#0"},
				"up": {"uv": [1, 1, 15, 3], "texture": "#0"},
				"down": {"uv": [1, 3, 15, 1], "texture": "#0"}
			}
		},
		{
			"name": "Cube",
			"from": [1, 7.4, 5],
			"to": [15, 8.4, 7],
			"rotation": {"angle": -45, "axis": "x", "origin": [8, 8, 8]},
			"faces": {
				"north": {"uv": [5, 2, 11, 3], "texture": "#0"},
				"east": {"uv": [7, 1, 8, 3], "rotation": 90, "texture": "#0"},
				"south": {"uv": [6, 2, 11, 3], "texture": "#0"},
				"west": {"uv": [7, 1, 8, 3], "rotation": 270, "texture": "#0"},
				"up": {"uv": [1, 1, 15, 3], "texture": "#0"},
				"down": {"uv": [1, 3, 15, 1], "texture": "#0"}
			}
		},
		{
			"name": "Cube",
			"from": [1, 7.4, 0],
			"to": [15, 8.4, 2],
			"rotation": {"angle": -45, "axis": "x", "origin": [8, 8, 8]},
			"faces": {
				"north": {"uv": [5, 2, 11, 3], "texture": "#0"},
				"east": {"uv": [7, 1, 8, 3], "rotation": 90, "texture": "#0"},
				"south": {"uv": [6, 2, 11, 3], "texture": "#0"},
				"west": {"uv": [7, 1, 8, 3], "rotation": 270, "texture": "#0"},
				"up": {"uv": [1, 1, 15, 3], "texture": "#0"},
				"down": {"uv": [1, 3, 15, 1], "texture": "#0"}
			}
		}
	],
	"__createdwith": "opl's Model Creator"
}