{
	"credit": "Made with Blockbench",
	"parent": "block/block",
	"textures": {
		"4": "block/grass_gravel",
		"particle": "block/dirt",
		"bottom": "block/dirt",
		"top": "block/grass_block_top",
		"side": "block/grass_block_side_02",
		"overlay": "block/grass_block_side_overlay_02"
	},
	"elements": [
		{
			"from": [0, 0, 0],
			"to": [16, 16, 16],
			"faces": {
				"north": {"uv": [0, 0, 16, 16], "texture": "#side", "cullface": "north"},
				"east": {"uv": [0, 0, 16, 16], "texture": "#side", "cullface": "east"},
				"south": {"uv": [0, 0, 16, 16], "texture": "#side", "cullface": "south"},
				"west": {"uv": [0, 0, 16, 16], "texture": "#side", "cullface": "west"},
				"up": {"uv": [0, 0, 16, 16], "texture": "#top", "cullface": "up", "tintindex": 0},
				"down": {"uv": [0, 0, 16, 16], "texture": "#bottom", "cullface": "down"}
			}
		},
		{
			"from": [0, 0, 0],
			"to": [16, 16, 16],
			"faces": {
				"north": {"uv": [0, 0, 16, 16], "texture": "#overlay", "cullface": "north", "tintindex": 0},
				"east": {"uv": [0, 0, 16, 16], "texture": "#overlay", "cullface": "east", "tintindex": 0},
				"south": {"uv": [0, 0, 16, 16], "texture": "#overlay", "cullface": "south", "tintindex": 0},
				"west": {"uv": [0, 0, 16, 16], "texture": "#overlay", "cullface": "west", "tintindex": 0}
			}
		},
		{
			"from": [4, 16, 8],
			"to": [7, 18, 11],
			"shade": false,
			"rotation": {"angle": 0, "axis": "y", "origin": [9, 16, 5]},
			"faces": {
				"north": {"uv": [6, 2, 8, 3], "texture": "#4"},
				"east": {"uv": [6, 2, 8, 3], "texture": "#4"},
				"south": {"uv": [6, 2, 8, 3], "texture": "#4"},
				"west": {"uv": [6, 2, 8, 3], "texture": "#4"},
				"up": {"uv": [6, 2, 8, 4], "rotation": 90, "texture": "#4"},
				"down": {"uv": [0, 0, 3, 3], "rotation": 270, "texture": "#missing"}
			}
		},
		{
			"from": [5, 16, 5],
			"to": [7, 17, 7],
			"shade": false,
			"rotation": {"angle": 0, "axis": "y", "origin": [9, 16, 5]},
			"faces": {
				"north": {"uv": [6, 3, 8, 4], "texture": "#4"},
				"east": {"uv": [6, 3, 8, 4], "texture": "#4"},
				"south": {"uv": [6, 3, 8, 4], "texture": "#4"},
				"west": {"uv": [6, 3, 8, 4], "texture": "#4"},
				"up": {"uv": [6, 2, 8, 4], "rotation": 90, "texture": "#4"},
				"down": {"uv": [0, 0, 3, 3], "rotation": 270, "texture": "#missing"}
			}
		},
		{
			"from": [8, 16, 8],
			"to": [9, 17, 9],
			"shade": false,
			"rotation": {"angle": 0, "axis": "y", "origin": [9, 16, 5]},
			"faces": {
				"north": {"uv": [6, 3, 8, 4], "texture": "#4"},
				"east": {"uv": [6, 3, 8, 4], "texture": "#4"},
				"south": {"uv": [6, 3, 8, 4], "texture": "#4"},
				"west": {"uv": [6, 3, 8, 4], "texture": "#4"},
				"up": {"uv": [6, 2, 8, 4], "rotation": 90, "texture": "#4"},
				"down": {"uv": [0, 0, 3, 3], "rotation": 270, "texture": "#missing"}
			}
		}
	]
}