{
	"credit": "Made with Blockbench",
	"ambientocclusion": false,
	"textures": {
		"0": "block/iron_door_top",
		"particle": "block/iron_door_top"
	},
	"elements": [
		{
			"from": [0, 0, 0],
			"to": [3, 9, 16],
			"faces": {
				"north": {"uv": [0, 7, 1, 16], "texture": "#0"},
				"east": {"uv": [16, 7, 0, 16], "texture": "#0"},
				"south": {"uv": [15, 8, 16, 16], "texture": "#0"},
				"west": {"uv": [0, 7, 16, 16], "texture": "#0"},
				"up": {"uv": [6, 9, 8, 11], "rotation": 90, "texture": "#0"}
			}
		},
		{
			"from": [0, 9, 0],
			"to": [3, 11, 5],
			"faces": {
				"north": {"uv": [0, 5, 1, 7], "texture": "#0"},
				"east": {"uv": [5, 5, 0, 7], "texture": "#0"},
				"south": {"uv": [9, 9, 10, 11], "rotation": 90, "texture": "#0"},
				"west": {"uv": [0, 5, 5, 7], "texture": "#0"},
				"up": {"uv": [0, 0, 3, 16], "texture": "#0"},
				"down": {"uv": [0, 0, 0, 0], "texture": "#0"}
			}
		},
		{
			"from": [0, 9, 11],
			"to": [3, 11, 16],
			"faces": {
				"north": {"uv": [8, 11, 9, 9], "rotation": 90, "texture": "#0"},
				"east": {"uv": [16, 5, 11, 7], "texture": "#0"},
				"south": {"uv": [15, 5, 16, 8], "texture": "#0"},
				"west": {"uv": [11, 5, 16, 7], "texture": "#0"},
				"up": {"uv": [0, 0, 3, 16], "texture": "#0"}
			}
		},
		{
			"from": [0, 11, 0],
			"to": [3, 16, 16],
			"faces": {
				"north": {"uv": [0, 0, 1, 5], "texture": "#0"},
				"east": {"uv": [16, 0, 0, 5], "texture": "#0"},
				"south": {"uv": [15, 0, 16, 5], "texture": "#0"},
				"west": {"uv": [0, 0, 16, 5], "texture": "#0"},
				"up": {"uv": [0, 0, 16, 1], "rotation": 90, "texture": "#0"},
				"down": {"uv": [9, 9, 10, 11], "rotation": 90, "texture": "#0"}
			}
		}
	],
	"__createdwith": "opl's Model Creator"
}