{
	"credit": "Made with Blockbench",
	"ambientocclusion": false,
	"textures": {
		"1": "block/ladder_01a",
		"2": "block/ladder",
		"particle": "block/ladder_01a",
		"texture": "block/ladder_01"
	},
	"elements": [
		{
			"from": [1, 12, 14],
			"to": [15, 14, 15],
			"rotation": {"angle": 0, "axis": "z", "origin": [8, 13, 14.5]},
			"faces": {
				"north": {"uv": [1, 2, 15, 4], "texture": "#texture"},
				"east": {"uv": [1, 2, 2, 4], "texture": "#texture"},
				"south": {"uv": [1, 2, 15, 4], "texture": "#texture"},
				"west": {"uv": [14, 2, 15, 4], "texture": "#texture"},
				"up": {"uv": [15, 2, 1, 3], "texture": "#texture"},
				"down": {"uv": [15, 4, 1, 3], "texture": "#texture"}
			}
		},
		{
			"from": [1, 2, 14],
			"to": [15, 4, 15],
			"rotation": {"angle": 0, "axis": "y", "origin": [8, 3, 14.5]},
			"faces": {
				"north": {"uv": [1, 12, 15, 14], "texture": "#texture"},
				"east": {"uv": [1, 12, 2, 14], "texture": "#texture"},
				"south": {"uv": [1, 12, 15, 14], "texture": "#texture"},
				"west": {"uv": [11, 12, 12, 14], "texture": "#texture"},
				"up": {"uv": [1, 12, 15, 13], "texture": "#2"},
				"down": {"uv": [1, 14, 15, 13], "texture": "#2"}
			}
		},
		{
			"from": [1, 7, 14],
			"to": [15, 9, 15],
			"rotation": {"angle": 0, "axis": "y", "origin": [8, 8, 14.5]},
			"faces": {
				"north": {"uv": [1, 7, 15, 9], "texture": "#texture"},
				"east": {"uv": [1, 7, 2, 9], "texture": "#texture"},
				"south": {"uv": [1, 7, 15, 9], "texture": "#texture"},
				"west": {"uv": [14, 7, 15, 9], "texture": "#texture"},
				"up": {"uv": [15, 7, 1, 8], "texture": "#texture"},
				"down": {"uv": [1, 9, 15, 8], "texture": "#texture"}
			}
		},
		{
			"from": [2, 0, 15],
			"to": [4, 16, 16],
			"faces": {
				"north": {"uv": [12, 0, 14, 16], "texture": "#texture"},
				"east": {"uv": [12, 0, 13, 16], "texture": "#2"},
				"south": {"uv": [12, 0, 14, 16], "texture": "#2"},
				"west": {"uv": [13, 0, 14, 16], "texture": "#2"},
				"up": {"uv": [12, 0, 14, 1], "texture": "#texture"},
				"down": {"uv": [12, 15, 14, 16], "texture": "#texture"}
			}
		},
		{
			"from": [12, 0, 15],
			"to": [14, 16, 16],
			"faces": {
				"north": {"uv": [2, 0, 4, 16], "texture": "#2"},
				"east": {"uv": [3, 0, 4, 16], "texture": "#2"},
				"south": {"uv": [2, 0, 4, 16], "texture": "#2"},
				"west": {"uv": [3, 0, 4, 16], "texture": "#2"},
				"up": {"uv": [12, 0, 14, 1], "texture": "#texture"},
				"down": {"uv": [12, 15, 14, 16], "texture": "#texture"}
			}
		},
		{
			"from": [0, 0, 13.8],
			"to": [16, 16, 14.8],
			"faces": {
				"north": {"uv": [0, 0, 16, 16], "texture": "#1"}
			}
		},
		{
			"from": [7, 16, 13.9],
			"to": [16, 25, 14.9],
			"faces": {
				"north": {"uv": [0, 7, 9, 16], "texture": "#1"}
			}
		}
	],
	"__createdwith": "opl's Model Creator"
}