{
	"credit": "Made with Blockbench",
	"ambientocclusion": false,
	"textures": {
		"particle": "block/ladder",
		"texture": "block/ladder"
	},
	"elements": [
		{
			"from": [1, 12, 14],
			"to": [15, 14, 15],
			"rotation": {"angle": 0, "axis": "z", "origin": [8, 13, 14.5]},
			"faces": {
				"north": {"uv": [15, 2, 1, 4], "texture": "#texture"},
				"east": {"uv": [4, 2, 5, 4], "texture": "#texture"},
				"south": {"uv": [1, 2, 15, 4], "texture": "#texture"},
				"west": {"uv": [11, 7, 12, 9], "texture": "#texture"},
				"up": {"uv": [1, 2, 15, 3], "texture": "#texture"},
				"down": {"uv": [1, 4, 15, 3], "texture": "#texture"}
			}
		},
		{
			"from": [1, 2, 14],
			"to": [15, 4, 15],
			"rotation": {"angle": 0, "axis": "y", "origin": [8, 3, 14.5]},
			"faces": {
				"north": {"uv": [15, 12, 1, 14], "texture": "#texture"},
				"east": {"uv": [4, 12, 5, 14], "texture": "#texture"},
				"south": {"uv": [1, 12, 15, 14], "texture": "#texture"},
				"west": {"uv": [11, 12, 12, 14], "texture": "#texture"},
				"up": {"uv": [1, 12, 15, 13], "texture": "#texture"},
				"down": {"uv": [1, 14, 15, 13], "texture": "#texture"}
			}
		},
		{
			"from": [1, 7, 14],
			"to": [15, 9, 15],
			"rotation": {"angle": 0, "axis": "y", "origin": [8, 8, 14.5]},
			"faces": {
				"north": {"uv": [15, 7, 1, 9], "texture": "#texture"},
				"east": {"uv": [4, 2, 5, 4], "texture": "#texture"},
				"south": {"uv": [1, 7, 15, 9], "texture": "#texture"},
				"west": {"uv": [11, 7, 12, 9], "texture": "#texture"},
				"up": {"uv": [1, 7, 15, 8], "texture": "#texture"},
				"down": {"uv": [1, 9, 15, 8], "texture": "#texture"}
			}
		},
		{
			"from": [2, 0, 15],
			"to": [4, 16, 16],
			"faces": {
				"north": {"uv": [12, 0, 14, 16], "texture": "#texture"},
				"east": {"uv": [12, 0, 13, 16], "texture": "#texture"},
				"south": {"uv": [12, 0, 14, 16], "texture": "#texture"},
				"west": {"uv": [13, 0, 14, 16], "texture": "#texture"},
				"up": {"uv": [12, 0, 14, 1], "texture": "#texture"},
				"down": {"uv": [12, 15, 14, 16], "texture": "#texture"}
			}
		},
		{
			"from": [12, 0, 15],
			"to": [14, 16, 16],
			"faces": {
				"north": {"uv": [2, 0, 4, 16], "texture": "#texture"},
				"east": {"uv": [2, 0, 3, 16], "texture": "#texture"},
				"south": {"uv": [2, 0, 4, 16], "texture": "#texture"},
				"west": {"uv": [3, 0, 4, 16], "texture": "#texture"},
				"up": {"uv": [12, 0, 14, 1], "texture": "#texture"},
				"down": {"uv": [12, 15, 14, 16], "texture": "#texture"}
			}
		}
	],
	"__createdwith": "opl's Model Creator"
}