{
	"credit": "Made with Blockbench, a free, modern block model editor by JannisX11",
	"ambientocclusion": false,
	"textures": {
		"0": "block/rail",
		"particle": "block/rail"
	},
	"elements": [
		{
			"name": "Element",
			"from": [1, 8, -0.75],
			"to": [15, 9, 1.75],
			"rotation": {"angle": 45, "axis": "x", "origin": [8, 9.7, 8]},
			"faces": {
				"north": {"uv": [1, 1, 15, 2], "texture": "#0"},
				"east": {"uv": [11, 1, 12, 3], "rotation": 90, "texture": "#0"},
				"south": {"uv": [1, 2, 15, 3], "texture": "#0"},
				"west": {"uv": [11, 1, 12, 3], "rotation": 270, "texture": "#0"},
				"up": {"uv": [1, 1, 15, 3], "texture": "#0"},
				"down": {"uv": [1, 3, 15, 1], "texture": "#0"}
			}
		},
		{
			"name": "Element",
			"from": [1, 8, 4.5],
			"to": [15, 9, 7],
			"rotation": {"angle": 45, "axis": "x", "origin": [8, 9.65, 8]},
			"faces": {
				"north": {"uv": [1, 5, 15, 6], "texture": "#0"},
				"east": {"uv": [11, 5, 12, 7], "rotation": 90, "texture": "#0"},
				"south": {"uv": [1, 6, 15, 7], "texture": "#0"},
				"west": {"uv": [11, 5, 12, 7], "rotation": 270, "texture": "#0"},
				"up": {"uv": [1, 5, 15, 7], "texture": "#0"},
				"down": {"uv": [1, 7, 15, 5], "texture": "#0"}
			}
		},
		{
			"name": "Element",
			"from": [1, 8, 10],
			"to": [15, 9, 12.5],
			"rotation": {"angle": 45, "axis": "x", "origin": [8, 9.65, 8]},
			"faces": {
				"north": {"uv": [1, 9, 15, 10], "texture": "#0"},
				"east": {"uv": [11, 9, 12, 11], "rotation": 90, "texture": "#0"},
				"south": {"uv": [1, 10, 15, 11], "texture": "#0"},
				"west": {"uv": [11, 9, 12, 11], "rotation": 270, "texture": "#0"},
				"up": {"uv": [1, 9, 15, 11], "texture": "#0"},
				"down": {"uv": [1, 11, 15, 9], "texture": "#0"}
			}
		},
		{
			"name": "Element",
			"from": [1, 8, 15],
			"to": [15, 9, 17.5],
			"rotation": {"angle": 45, "axis": "x", "origin": [8, 9.65, 8]},
			"faces": {
				"north": {"uv": [1, 13, 15, 14], "texture": "#0"},
				"east": {"uv": [11, 13, 12, 15], "rotation": 90, "texture": "#0"},
				"south": {"uv": [1, 14, 15, 15], "texture": "#0"},
				"west": {"uv": [11, 13, 12, 15], "rotation": 270, "texture": "#0"},
				"up": {"uv": [1, 13, 15, 15], "texture": "#0"},
				"down": {"uv": [1, 15, 15, 13], "texture": "#0"}
			}
		},
		{
			"name": "Cube",
			"from": [2, 11, -4],
			"to": [4, 13, 20],
			"rotation": {"angle": 45, "axis": "x", "origin": [2, 10.5, 4]},
			"faces": {
				"north": {"uv": [12, 1, 14, 3], "texture": "#0"},
				"east": {"uv": [3, 0, 4, 16], "rotation": 90, "texture": "#0"},
				"south": {"uv": [2, 13, 4, 15], "texture": "#0"},
				"west": {"uv": [2, 0, 3, 16], "rotation": 270, "texture": "#0"},
				"up": {"uv": [2, 0, 4, 16], "texture": "#0"},
				"down": {"uv": [4, 0, 2, 16], "rotation": 180, "texture": "#0"}
			}
		},
		{
			"name": "Cube",
			"from": [12, 11, -4],
			"to": [14, 13, 20],
			"rotation": {"angle": 45, "axis": "x", "origin": [2, 10.5, 4]},
			"faces": {
				"north": {"uv": [2, 1, 4, 3], "texture": "#0"},
				"east": {"uv": [13, 0, 14, 16], "rotation": 90, "texture": "#0"},
				"south": {"uv": [12, 1, 14, 3], "texture": "#0"},
				"west": {"uv": [12, 0, 13, 16], "rotation": 270, "texture": "#0"},
				"up": {"uv": [12, 0, 14, 16], "texture": "#0"},
				"down": {"uv": [12, 16, 14, 0], "texture": "#0"}
			}
		}
	],
	"__createdwith": "opl's Model Creator"
}