{
	"credit": "Made with Blockbench, a free, modern block model editor by JannisX11",
	"ambientocclusion": false,
	"textures": {
		"particle": "block/rail",
		"texture": "block/rail"
	},
	"elements": [
		{
			"from": [1, 0, 1],
			"to": [15, 1, 3],
			"faces": {
				"north": {"uv": [1, 13, 15, 14], "texture": "#texture"},
				"east": {"uv": [4, 13, 5, 15], "rotation": 90, "texture": "#texture"},
				"south": {"uv": [4, 14, 12, 15], "texture": "#texture"},
				"west": {"uv": [4, 13, 5, 15], "rotation": 270, "texture": "#texture"},
				"up": {"uv": [1, 1, 15, 3], "texture": "#texture"},
				"down": {"uv": [1, 3, 15, 1], "texture": "#texture"}
			}
		},
		{
			"from": [1, 0, 5],
			"to": [15, 1, 7],
			"faces": {
				"north": {"uv": [1, 13, 15, 14], "texture": "#texture"},
				"east": {"uv": [4, 13, 5, 15], "rotation": 90, "texture": "#texture"},
				"south": {"uv": [4, 14, 12, 15], "texture": "#texture"},
				"west": {"uv": [4, 13, 5, 15], "rotation": 270, "texture": "#texture"},
				"up": {"uv": [1, 1, 15, 3], "texture": "#texture"},
				"down": {"uv": [1, 7, 15, 5], "texture": "#texture"}
			}
		},
		{
			"from": [1, 0, 9],
			"to": [15, 1, 11],
			"faces": {
				"north": {"uv": [1, 13, 15, 14], "texture": "#texture"},
				"east": {"uv": [4, 13, 5, 15], "rotation": 90, "texture": "#texture"},
				"south": {"uv": [4, 14, 12, 15], "texture": "#texture"},
				"west": {"uv": [4, 13, 5, 15], "rotation": 270, "texture": "#texture"},
				"up": {"uv": [1, 1, 15, 3], "texture": "#texture"},
				"down": {"uv": [1, 11, 15, 9], "texture": "#texture"}
			}
		},
		{
			"from": [1, 0, 13],
			"to": [15, 1, 15],
			"faces": {
				"north": {"uv": [1, 13, 15, 14], "texture": "#texture"},
				"east": {"uv": [4, 13, 5, 15], "rotation": 90, "texture": "#texture"},
				"south": {"uv": [4, 14, 12, 15], "texture": "#texture"},
				"west": {"uv": [4, 13, 5, 15], "rotation": 270, "texture": "#texture"},
				"up": {"uv": [1, 1, 15, 3], "texture": "#texture"},
				"down": {"uv": [1, 15, 15, 13], "texture": "#texture"}
			}
		},
		{
			"from": [12, 0, 0],
			"to": [14, 2, 16],
			"faces": {
				"north": {"uv": [2, 13, 4, 15], "texture": "#texture"},
				"east": {"uv": [13, 0, 14, 16], "rotation": 90, "texture": "#texture"},
				"south": {"uv": [12, 0, 14, 2], "texture": "#texture"},
				"west": {"uv": [12, 16, 13, 0], "rotation": 90, "texture": "#texture"},
				"up": {"uv": [12, 0, 14, 16], "texture": "#texture"},
				"down": {"uv": [12, 16, 14, 0], "texture": "#texture"}
			}
		},
		{
			"from": [2, 0, 0],
			"to": [4, 2, 16],
			"faces": {
				"north": {"uv": [12, 13, 14, 15], "texture": "#texture"},
				"east": {"uv": [3, 16, 4, 0], "rotation": 270, "texture": "#texture"},
				"south": {"uv": [2, 0, 4, 2], "texture": "#texture"},
				"west": {"uv": [2, 16, 3, 0], "rotation": 90, "texture": "#texture"},
				"up": {"uv": [2, 0, 4, 16], "texture": "#texture"},
				"down": {"uv": [2, 16, 4, 0], "texture": "#texture"}
			}
		}
	]
}